,links
0,https://iagd.net/wp-content/uploads/2024/07/IMG_8286.png
1,https://iagd.net/wp-content/uploads/2024/06/IMG_7597.png
2,https://iagd.net/wp-content/uploads/2024/07/WeekendSchoolFlyer.png
3,https://iagd.net/wp-content/uploads/2024/08/fc4a18ae-0647-4e60-9aa4-afdce7fda1a6.jpg
4,https://iagd.net/wp-content/uploads/2024/08/IMG_8524.jpg
5,https://iagd.net/wp-content/uploads/2024/08/IMG_8523.jpg
6,https://muslimunitycenter.org/wp-content/uploads/elementor/thumbs/End-of-Summer-Gathering-2024-qt8j9a9mixiarhuuct6q1o7857i26hzeppa0zovl3y.png
7,https://mcm-mi.com/wp-content/uploads/2024/08/ica-picnic-1024x1024.jpeg
8,https://mcm-mi.com/wp-content/uploads/2024/08/the-greatest-leader-1-819x1024.jpeg
